<?xml version="1.0" encoding="UTF-8"?>
<project-private xmlns="http://www.netbeans.org/ns/project-private/1">
    <editor-bookmarks xmlns="http://www.netbeans.org/ns/editor-bookmarks/2" lastBookmarkId="0"/>
    <open-files xmlns="http://www.netbeans.org/ns/projectui-open-files/2">
        <group>
            <file>file:/C:/Users/ayele/OneDrive/Documentos/TopicosAvanzados/AbaLaGloria/src/clases/Conexion.java</file>
            <file>file:/C:/Users/ayele/OneDrive/Documentos/TopicosAvanzados/AbaLaGloria/src/frames/InicioGene.java</file>
            <file>file:/C:/Users/ayele/OneDrive/Documentos/TopicosAvanzados/AbaLaGloria/src/frames/RegistrarUsuario.java</file>
            <file>file:/C:/Users/ayele/OneDrive/Documentos/TopicosAvanzados/AbaLaGloria/src/frames/InicioAdmin.java</file>
            <file>file:/C:/Users/ayele/OneDrive/Documentos/TopicosAvanzados/AbaLaGloria/src/frames/EditarInfoUsu.java</file>
            <file>file:/C:/Users/ayele/OneDrive/Documentos/TopicosAvanzados/AbaLaGloria/src/frames/VerUsuario.java</file>
            <file>file:/C:/Users/ayele/OneDrive/Documentos/TopicosAvanzados/AbaLaGloria/src/frames/Login.java</file>
        </group>
    </open-files>
</project-private>
